label,text
policy_attendance,上下班时间是怎么规定的
policy_attendance,上下班时间是什么
policy_attendance,上下班时间怎么算
policy_attendance,请问上下班时间
policy_attendance,上下班时间在哪看
policy_attendance,公司上下班时间
policy_attendance,几点上班是怎么规定的
policy_attendance,几点上班是什么
policy_attendance,几点上班怎么算
policy_attendance,请问几点上班
policy_attendance,几点上班在哪看
policy_attendance,公司几点上班
policy_attendance,打卡时间是怎么规定的
policy_attendance,打卡时间是什么
policy_attendance,打卡时间怎么算
policy_attendance,请问打卡时间
policy_attendance,打卡时间在哪看
policy_attendance,公司打卡时间
policy_attendance,年假天数是怎么规定的
policy_attendance,年假天数是什么
policy_attendance,年假天数怎么算
policy_attendance,请问年假天数
policy_attendance,年假天数在哪看
policy_attendance,公司年假天数
policy_attendance,调休申请是怎么规定的
policy_attendance,调休申请是什么
policy_attendance,调休申请怎么算
policy_attendance,请问调休申请
policy_attendance,调休申请在哪看
policy_attendance,公司调休申请
policy_attendance,加班审批是怎么规定的
policy_attendance,加班审批是什么
policy_attendance,加班审批怎么算
policy_attendance,请问加班审批
policy_attendance,加班审批在哪看
policy_attendance,公司加班审批
policy_attendance,迟到怎么算是怎么规定的
policy_attendance,迟到怎么算是什么
policy_attendance,迟到怎么算怎么算
policy_attendance,请问迟到怎么算
policy_attendance,迟到怎么算在哪看
policy_attendance,公司迟到怎么算
policy_attendance,请假流程是怎么规定的
policy_attendance,请假流程是什么
policy_attendance,请假流程怎么算
policy_attendance,请问请假流程
policy_attendance,请假流程在哪看
policy_attendance,公司请假流程
policy_attendance,补卡规则是怎么规定的
policy_attendance,补卡规则是什么
policy_attendance,补卡规则怎么算
policy_attendance,请问补卡规则
policy_attendance,补卡规则在哪看
policy_attendance,公司补卡规则
policy_attendance,午休时间是怎么规定的
policy_attendance,午休时间是什么
policy_attendance,午休时间怎么算
policy_attendance,请问午休时间
policy_attendance,午休时间在哪看
policy_attendance,公司午休时间
it_vpn,VPN连接怎么办
it_vpn,VPN连接连不上
it_vpn,VPN连接怎么弄
it_vpn,VPN连接报错
it_vpn,公司VPN连接
it_vpn,新电脑VPN连接
it_vpn,密码重置怎么办
it_vpn,密码重置连不上
it_vpn,密码重置怎么弄
it_vpn,密码重置报错
it_vpn,公司密码重置
it_vpn,新电脑密码重置
it_vpn,电脑领用怎么办
it_vpn,电脑领用连不上
it_vpn,电脑领用怎么弄
it_vpn,电脑领用报错
it_vpn,公司电脑领用
it_vpn,新电脑电脑领用
it_vpn,打印机故障怎么办
it_vpn,打印机故障连不上
it_vpn,打印机故障怎么弄
it_vpn,打印机故障报错
it_vpn,公司打印机故障
it_vpn,新电脑打印机故障
it_vpn,内网访问怎么办
it_vpn,内网访问连不上
it_vpn,内网访问怎么弄
it_vpn,内网访问报错
it_vpn,公司内网访问
it_vpn,新电脑内网访问
it_vpn,WiFi密码怎么办
it_vpn,WiFi密码连不上
it_vpn,WiFi密码怎么弄
it_vpn,WiFi密码报错
it_vpn,公司WiFi密码
it_vpn,新电脑WiFi密码
it_vpn,软件安装怎么办
it_vpn,软件安装连不上
it_vpn,软件安装怎么弄
it_vpn,软件安装报错
it_vpn,公司软件安装
it_vpn,新电脑软件安装
it_vpn,企业微信配置怎么办
it_vpn,企业微信配置连不上
it_vpn,企业微信配置怎么弄
it_vpn,企业微信配置报错
it_vpn,公司企业微信配置
it_vpn,新电脑企业微信配置
it_vpn,电脑蓝屏怎么办
it_vpn,电脑蓝屏连不上
it_vpn,电脑蓝屏怎么弄
it_vpn,电脑蓝屏报错
it_vpn,公司电脑蓝屏
it_vpn,新电脑电脑蓝屏
it_vpn,远程桌面怎么办
it_vpn,远程桌面连不上
it_vpn,远程桌面怎么弄
it_vpn,远程桌面报错
it_vpn,公司远程桌面
it_vpn,新电脑远程桌面
finance_expense,差旅报销标准是多少
finance_expense,差旅报销流程
finance_expense,差旅报销怎么报
finance_expense,差旅报销多久到账
finance_expense,请问差旅报销
finance_expense,差旅报销抬头
finance_expense,住宿费标准标准是多少
finance_expense,住宿费标准流程
finance_expense,住宿费标准怎么报
finance_expense,住宿费标准多久到账
finance_expense,请问住宿费标准
finance_expense,住宿费标准抬头
finance_expense,发票抬头标准是多少
finance_expense,发票抬头流程
finance_expense,发票抬头怎么报
finance_expense,发票抬头多久到账
finance_expense,请问发票抬头
finance_expense,发票抬头抬头
finance_expense,电子发票要求标准是多少
finance_expense,电子发票要求流程
finance_expense,电子发票要求怎么报
finance_expense,电子发票要求多久到账
finance_expense,请问电子发票要求
finance_expense,电子发票要求抬头
finance_expense,报销打款时间标准是多少
finance_expense,报销打款时间流程
finance_expense,报销打款时间怎么报
finance_expense,报销打款时间多久到账
finance_expense,请问报销打款时间
finance_expense,报销打款时间抬头
finance_expense,工资条查看标准是多少
finance_expense,工资条查看流程
finance_expense,工资条查看怎么报
finance_expense,工资条查看多久到账
finance_expense,请问工资条查看
finance_expense,工资条查看抬头
finance_expense,出差补助标准是多少
finance_expense,出差补助流程
finance_expense,出差补助怎么报
finance_expense,出差补助多久到账
finance_expense,请问出差补助
finance_expense,出差补助抬头
finance_expense,团建费用报销标准是多少
finance_expense,团建费用报销流程
finance_expense,团建费用报销怎么报
finance_expense,团建费用报销多久到账
finance_expense,请问团建费用报销
finance_expense,团建费用报销抬头
finance_expense,个税计算标准是多少
finance_expense,个税计算流程
finance_expense,个税计算怎么报
finance_expense,个税计算多久到账
finance_expense,请问个税计算
finance_expense,个税计算抬头
finance_expense,发票丢失标准是多少
finance_expense,发票丢失流程
finance_expense,发票丢失怎么报
finance_expense,发票丢失多久到账
finance_expense,请问发票丢失
finance_expense,发票丢失抬头
hr_onboarding,入职材料要什么材料
hr_onboarding,入职材料流程是什么
hr_onboarding,入职材料多久办完
hr_onboarding,公司入职材料
hr_onboarding,入职材料缴纳比例
hr_onboarding,入职材料证明
hr_onboarding,试用期时长要什么材料
hr_onboarding,试用期时长流程是什么
hr_onboarding,试用期时长多久办完
hr_onboarding,公司试用期时长
hr_onboarding,试用期时长缴纳比例
hr_onboarding,试用期时长证明
hr_onboarding,社保缴纳要什么材料
hr_onboarding,社保缴纳流程是什么
hr_onboarding,社保缴纳多久办完
hr_onboarding,公司社保缴纳
hr_onboarding,社保缴纳缴纳比例
hr_onboarding,社保缴纳证明
hr_onboarding,公积金比例要什么材料
hr_onboarding,公积金比例流程是什么
hr_onboarding,公积金比例多久办完
hr_onboarding,公司公积金比例
hr_onboarding,公积金比例缴纳比例
hr_onboarding,公积金比例证明
hr_onboarding,劳动合同期限要什么材料
hr_onboarding,劳动合同期限流程是什么
hr_onboarding,劳动合同期限多久办完
hr_onboarding,公司劳动合同期限
hr_onboarding,劳动合同期限缴纳比例
hr_onboarding,劳动合同期限证明
hr_onboarding,离职证明要什么材料
hr_onboarding,离职证明流程是什么
hr_onboarding,离职证明多久办完
hr_onboarding,公司离职证明
hr_onboarding,离职证明缴纳比例
hr_onboarding,离职证明证明
hr_onboarding,年度体检要什么材料
hr_onboarding,年度体检流程是什么
hr_onboarding,年度体检多久办完
hr_onboarding,公司年度体检
hr_onboarding,年度体检缴纳比例
hr_onboarding,年度体检证明
hr_onboarding,节日福利要什么材料
hr_onboarding,节日福利流程是什么
hr_onboarding,节日福利多久办完
hr_onboarding,公司节日福利
hr_onboarding,节日福利缴纳比例
hr_onboarding,节日福利证明
hr_onboarding,转正申请要什么材料
hr_onboarding,转正申请流程是什么
hr_onboarding,转正申请多久办完
hr_onboarding,公司转正申请
hr_onboarding,转正申请缴纳比例
hr_onboarding,转正申请证明
hr_onboarding,住房补贴要什么材料
hr_onboarding,住房补贴流程是什么
hr_onboarding,住房补贴多久办完
hr_onboarding,公司住房补贴
hr_onboarding,住房补贴缴纳比例
hr_onboarding,住房补贴证明
admin_logistics,食堂就餐怎么预约
admin_logistics,食堂就餐在哪
admin_logistics,食堂就餐时间
admin_logistics,请问食堂就餐
admin_logistics,公司食堂就餐
admin_logistics,食堂就餐收费吗
admin_logistics,班车时刻怎么预约
admin_logistics,班车时刻在哪
admin_logistics,班车时刻时间
admin_logistics,请问班车时刻
admin_logistics,公司班车时刻
admin_logistics,班车时刻收费吗
admin_logistics,宿舍申请怎么预约
admin_logistics,宿舍申请在哪
admin_logistics,宿舍申请时间
admin_logistics,请问宿舍申请
admin_logistics,公司宿舍申请
admin_logistics,宿舍申请收费吗
admin_logistics,快递收发怎么预约
admin_logistics,快递收发在哪
admin_logistics,快递收发时间
admin_logistics,请问快递收发
admin_logistics,公司快递收发
admin_logistics,快递收发收费吗
admin_logistics,门禁权限怎么预约
admin_logistics,门禁权限在哪
admin_logistics,门禁权限时间
admin_logistics,请问门禁权限
admin_logistics,公司门禁权限
admin_logistics,门禁权限收费吗
admin_logistics,停车位怎么预约
admin_logistics,停车位在哪
admin_logistics,停车位时间
admin_logistics,请问停车位
admin_logistics,公司停车位
admin_logistics,停车位收费吗
admin_logistics,工牌补办怎么预约
admin_logistics,工牌补办在哪
admin_logistics,工牌补办时间
admin_logistics,请问工牌补办
admin_logistics,公司工牌补办
admin_logistics,工牌补办收费吗
admin_logistics,会议室预订怎么预约
admin_logistics,会议室预订在哪
admin_logistics,会议室预订时间
admin_logistics,请问会议室预订
admin_logistics,公司会议室预订
admin_logistics,会议室预订收费吗
admin_logistics,饮用水申请怎么预约
admin_logistics,饮用水申请在哪
admin_logistics,饮用水申请时间
admin_logistics,请问饮用水申请
admin_logistics,公司饮用水申请
admin_logistics,饮用水申请收费吗
admin_logistics,公司活动报名怎么预约
admin_logistics,公司活动报名在哪
admin_logistics,公司活动报名时间
admin_logistics,请问公司活动报名
admin_logistics,公司公司活动报名
admin_logistics,公司活动报名收费吗
engineering_eq,产线故障报修怎么报修
engineering_eq,产线故障报修故障
engineering_eq,产线故障报修停机怎么办
engineering_eq,产线故障报修保养周期
engineering_eq,请问产线故障报修
engineering_eq,产线故障报修备件
engineering_eq,设备保养怎么报修
engineering_eq,设备保养故障
engineering_eq,设备保养停机怎么办
engineering_eq,设备保养保养周期
engineering_eq,请问设备保养
engineering_eq,设备保养备件
engineering_eq,PLC报警怎么报修
engineering_eq,PLC报警故障
engineering_eq,PLC报警停机怎么办
engineering_eq,PLC报警保养周期
engineering_eq,请问PLC报警
engineering_eq,PLC报警备件
engineering_eq,模具维修怎么报修
engineering_eq,模具维修故障
engineering_eq,模具维修停机怎么办
engineering_eq,模具维修保养周期
engineering_eq,请问模具维修
engineering_eq,模具维修备件
engineering_eq,备件采购怎么报修
engineering_eq,备件采购故障
engineering_eq,备件采购停机怎么办
engineering_eq,备件采购保养周期
engineering_eq,请问备件采购
engineering_eq,备件采购备件
engineering_eq,停机处理怎么报修
engineering_eq,停机处理故障
engineering_eq,停机处理停机怎么办
engineering_eq,停机处理保养周期
engineering_eq,请问停机处理
engineering_eq,停机处理备件
engineering_eq,设备点检怎么报修
engineering_eq,设备点检故障
engineering_eq,设备点检停机怎么办
engineering_eq,设备点检保养周期
engineering_eq,请问设备点检
engineering_eq,设备点检备件
engineering_eq,产线换型怎么报修
engineering_eq,产线换型故障
engineering_eq,产线换型停机怎么办
engineering_eq,产线换型保养周期
engineering_eq,请问产线换型
engineering_eq,产线换型备件
engineering_eq,焊接不良怎么报修
engineering_eq,焊接不良故障
engineering_eq,焊接不良停机怎么办
engineering_eq,焊接不良保养周期
engineering_eq,请问焊接不良
engineering_eq,焊接不良备件
engineering_eq,贴片机故障怎么报修
engineering_eq,贴片机故障故障
engineering_eq,贴片机故障停机怎么办
engineering_eq,贴片机故障保养周期
engineering_eq,请问贴片机故障
engineering_eq,贴片机故障备件
legal_contract,合同模板怎么签
legal_contract,合同模板模板
legal_contract,合同模板有效期
legal_contract,请问合同模板
legal_contract,公司合同模板
legal_contract,合同模板审批流程
legal_contract,保密协议怎么签
legal_contract,保密协议模板
legal_contract,保密协议有效期
legal_contract,请问保密协议
legal_contract,公司保密协议
legal_contract,保密协议审批流程
legal_contract,专利申请怎么签
legal_contract,专利申请模板
legal_contract,专利申请有效期
legal_contract,请问专利申请
legal_contract,公司专利申请
legal_contract,专利申请审批流程
legal_contract,知识产权怎么签
legal_contract,知识产权模板
legal_contract,知识产权有效期
legal_contract,请问知识产权
legal_contract,公司知识产权
legal_contract,知识产权审批流程
legal_contract,公章使用怎么签
legal_contract,公章使用模板
legal_contract,公章使用有效期
legal_contract,请问公章使用
legal_contract,公司公章使用
legal_contract,公章使用审批流程
legal_contract,违约处理怎么签
legal_contract,违约处理模板
legal_contract,违约处理有效期
legal_contract,请问违约处理
legal_contract,公司违约处理
legal_contract,违约处理审批流程
legal_contract,法务咨询怎么签
legal_contract,法务咨询模板
legal_contract,法务咨询有效期
legal_contract,请问法务咨询
legal_contract,公司法务咨询
legal_contract,法务咨询审批流程
legal_contract,劳动仲裁怎么签
legal_contract,劳动仲裁模板
legal_contract,劳动仲裁有效期
legal_contract,请问劳动仲裁
legal_contract,公司劳动仲裁
legal_contract,劳动仲裁审批流程
legal_contract,竞业协议怎么签
legal_contract,竞业协议模板
legal_contract,竞业协议有效期
legal_contract,请问竞业协议
legal_contract,公司竞业协议
legal_contract,竞业协议审批流程
legal_contract,商业秘密怎么签
legal_contract,商业秘密模板
legal_contract,商业秘密有效期
legal_contract,请问商业秘密
legal_contract,公司商业秘密
legal_contract,商业秘密审批流程
sales_marketing,客户报价怎么申请
sales_marketing,客户报价标准
sales_marketing,客户报价流程
sales_marketing,请问客户报价
sales_marketing,公司客户报价
sales_marketing,客户报价折扣
sales_marketing,渠道申请怎么申请
sales_marketing,渠道申请标准
sales_marketing,渠道申请流程
sales_marketing,请问渠道申请
sales_marketing,公司渠道申请
sales_marketing,渠道申请折扣
sales_marketing,品牌宣传怎么申请
sales_marketing,品牌宣传标准
sales_marketing,品牌宣传流程
sales_marketing,请问品牌宣传
sales_marketing,公司品牌宣传
sales_marketing,品牌宣传折扣
sales_marketing,订单录入怎么申请
sales_marketing,订单录入标准
sales_marketing,订单录入流程
sales_marketing,请问订单录入
sales_marketing,公司订单录入
sales_marketing,订单录入折扣
sales_marketing,回款跟进怎么申请
sales_marketing,回款跟进标准
sales_marketing,回款跟进流程
sales_marketing,请问回款跟进
sales_marketing,公司回款跟进
sales_marketing,回款跟进折扣
sales_marketing,展会报名怎么申请
sales_marketing,展会报名标准
sales_marketing,展会报名流程
sales_marketing,请问展会报名
sales_marketing,公司展会报名
sales_marketing,展会报名折扣
sales_marketing,客户投诉怎么申请
sales_marketing,客户投诉标准
sales_marketing,客户投诉流程
sales_marketing,请问客户投诉
sales_marketing,公司客户投诉
sales_marketing,客户投诉折扣
sales_marketing,合同折扣怎么申请
sales_marketing,合同折扣标准
sales_marketing,合同折扣流程
sales_marketing,请问合同折扣
sales_marketing,公司合同折扣
sales_marketing,合同折扣折扣
sales_marketing,样品申请怎么申请
sales_marketing,样品申请标准
sales_marketing,样品申请流程
sales_marketing,请问样品申请
sales_marketing,公司样品申请
sales_marketing,样品申请折扣
sales_marketing,市场调研怎么申请
sales_marketing,市场调研标准
sales_marketing,市场调研流程
sales_marketing,请问市场调研
sales_marketing,公司市场调研
sales_marketing,市场调研折扣
